{
  "invoices": [
    {
      "id": 3,
      "username": "Aliyev Aydin",
      "img": "https://images.pexels.com/photos/1820770/pexels-photo-1820770.jpeg?auto=compress&cs=tinysrgb&dpr=2&w=500",
      "productCount": 5,
      "price": 1400,
      "status": "active"
    },
    {
      "id": 4,
      "username": "Aliyev Aydin",
      "img": "https://images.pexels.com/photos/1820770/pexels-photo-1820770.jpeg?auto=compress&cs=tinysrgb&dpr=2&w=500",
      "productCount": 5,
      "price": 1400,
      "status": "active"
    },
    {
      "id": 5,
      "username": "Aliyev Aydin",
      "img": "https://images.pexels.com/photos/1820770/pexels-photo-1820770.jpeg?auto=compress&cs=tinysrgb&dpr=2&w=500",
      "productCount": 5,
      "price": 1400,
      "status": "active"
    },
    {
      "id": 6,
      "username": "Aliyev Aydin",
      "img": "https://images.pexels.com/photos/1820770/pexels-photo-1820770.jpeg?auto=compress&cs=tinysrgb&dpr=2&w=500",
      "productCount": 5,
      "price": 1400,
      "status": "active"
    },
    {
      "id": 7,
      "username": "Aliyev Aydin",
      "img": "https://images.pexels.com/photos/1820770/pexels-photo-1820770.jpeg?auto=compress&cs=tinysrgb&dpr=2&w=500",
      "productCount": 5,
      "price": 1400,
      "status": "active"
    },
    {
      "id": 8,
      "username": "Aliyev Aydin",
      "img": "https://images.pexels.com/photos/1820770/pexels-photo-1820770.jpeg?auto=compress&cs=tinysrgb&dpr=2&w=500",
      "productCount": 5,
      "price": 1400,
      "status": "active"
    },
    {
      "id": 9,
      "username": "Aliyev Aydin",
      "img": "https://images.pexels.com/photos/1820770/pexels-photo-1820770.jpeg?auto=compress&cs=tinysrgb&dpr=2&w=500",
      "productCount": 5,
      "price": 1400,
      "status": "active"
    },
    {
      "id": 12,
      "username": "Aliyev Aydin",
      "img": "https://images.pexels.com/photos/1820770/pexels-photo-1820770.jpeg?auto=compress&cs=tinysrgb&dpr=2&w=500",
      "productCount": 3,
      "price": 1400,
      "status": "active"
    },
    {
      "id": 10,
      "username": "Aliyev Aydin",
      "img": "https://images.pexels.com/photos/1820770/pexels-photo-1820770.jpeg?auto=compress&cs=tinysrgb&dpr=2&w=500",
      "productCount": 4,
      "price": 1400,
      "status": "active"
    }
  ]
}